{"cameraMode":{"drawMode":0,"name":"Shaded","section":"Shading Mode"},"sceneLighting":false,"audioPlay":false,"sceneViewState":{"m_AlwaysRefresh":false,"showFog":false,"showSkybox":false,"showFlares":false,"showImageEffects":false,"showParticleSystems":false,"showVisualEffectGraphs":true,"m_FxEnabled":true},"in2DMode":false,"pivot":{"x":0.0021834373474121095,"y":0.8893492221832275,"z":-0.0066249072551727299},"rotation":{"x":-0.10809940844774246,"y":-0.003879505442455411,"z":0.0004235556407365948,"w":-0.9941480159759522},"size":1.3155063390731812,"orthographic":false}